{"accuracy": 0.8917, "recall": 0.8766, "precision": 0.9038977108682202, "auc": 0.8917000000000002}